"Suburb","Total_Number","BYO_Only","Ordinary_Trading_Hours","Gambling_Allowed"
"ABBOTSFORD",87,2,33,1
"ABERFELDIE",2,0,1,0
"ACHERON",4,0,1,0
"AINTREE",1,0,1,0
"AIREYS INLET",11,1,4,0
"AIRPORT WEST",15,0,11,1
"ALBERT PARK",74,4,34,1
"ALBERTON",2,0,1,0
"ALBERTON WEST",2,0,1,0
"ALBION",7,0,3,0
"ALEXANDRA",15,0,2,0
"ALFREDTON",9,0,6,0
"ALLANS FLAT",2,0,1,0
"ALLANSFORD",6,0,3,0
"ALPHINGTON",21,0,6,0
"ALTONA",49,1,25,3
"ALTONA EAST",1,0,1,0
"ALTONA MEADOWS",9,0,5,0
"ALTONA NORTH",25,1,12,1
"ALVIE",4,0,1,0
"AMHERST",1,0,1,0
"ANAKIE",6,0,3,0
"ANDERSON",1,0,1,0
"ANGLERS REST",1,0,2,0
"ANGLESEA",26,3,8,1
"APOLLO BAY",35,0,22,0
"APSLEY",2,0,1,0
"ARARAT",45,6,10,2
"ARCHIES CREEK",1,0,2,0
"ARDEER",7,0,4,0
"ARDMONA",2,0,1,0
"ARMADALE",53,0,28,0
"ARMSTRONG",4,0,1,0
"ARMSTRONG CREEK",6,0,4,0
"ARNOLD",1,0,1,0
"ARTHURS CREEK",1,0,1,0
"ARTHURS SEAT",5,0,4,0
"ASCOT VALE",59,2,25,0
"ASHBURTON",22,4,12,0
"ASHWOOD",13,3,4,0
"ASPENDALE",12,0,5,0
"ASPENDALE GARDENS",3,0,3,0
"ASPENDALE NORTH",1,0,1,0
"ATHLONE",1,0,1,0
"ATTWOOD",1,0,2,0
"AUBURN",4,0,2,0
"AVALON",1,0,1,0
"AVENEL",13,0,4,0
"AVOCA",16,0,2,0
"AVONDALE HEIGHTS",13,2,7,0
"AVONMORE",1,0,1,0
"AVONSLEIGH",3,0,2,0
"AXEDALE",5,0,1,0
"BACCHUS MARSH",35,2,14,3
"BADDAGINNIE",1,0,1,0
"BADGER CREEK",2,0,1,0
"BAGSHOT",1,0,1,0
"BAILIESTON",1,0,1,0
"BAIRNSDALE",55,1,23,6
"BAIRNSDALE EAST",1,0,1,0
"BAKERY HILL",2,0,2,0
"BALACLAVA",38,0,20,1
"BALLAN",12,1,2,0
"BALLARAT",191,6,65,12
"BALLARAT CENTRAL",22,0,21,0
"BALLARAT EAST",3,0,3,0
"BALMORAL",5,0,3,0
"BALNARRING",31,3,11,0
"BALOOK",1,0,1,0
"BALWYN",43,10,26,0
"BALWYN EAST",1,1,1,0
"BALWYN NORTH",45,9,19,0
"BAMAWM",2,0,1,0
"BAMBRA",2,0,1,0
"BANGHOLME",6,0,2,0
"BANNOCKBURN",16,0,5,0
"BARANDUDA",3,0,3,0
"BARFOLD",2,0,1,0
"BARINGHUP",3,0,2,0
"BARJARG",1,0,2,0
"BARKERS CREEK",2,0,1,0
"BARKLY",1,0,1,0
"BARMAH",1,0,2,0
"BARNAWARTHA",6,0,2,0
"BARNAWARTHA NORTH",1,0,1,0
"BAROMI",1,0,1,0
"BARONGAROOK",4,0,2,0
"BARRABOOL",2,0,2,0
"BARWITE",2,0,1,0
"BARWON HEADS",25,1,10,1
"BASS",2,0,1,0
"BATESFORD",3,0,1,0
"BAXTER",12,0,4,1
"BAYINDEEN",3,0,1,0
"BAYLES",2,0,2,0
"BAYNTON VIA KYNETON",1,0,1,0
"BAYSWATER",42,4,22,2
"BAYSWATER NORTH",4,0,3,0
"BEACON COVE",1,0,1,0
"BEACONSFIELD",28,0,16,1
"BEACONSFIELD UPPER",8,0,2,0
"BEALIBA",1,0,2,0
"BEARII",1,0,1,0
"BEAUFORT",12,0,6,0
"BEAUMARIS",44,2,28,0
"BEEAC",2,0,2,0
"BEECH FOREST",2,0,2,0
"BEECHWORTH",57,0,18,0
"BELGRAVE",30,5,14,0
"BELGRAVE SOUTH",5,0,4,0
"BELL PARK",7,0,5,0
"BELL POST HILL",3,0,2,0
"BELLARINE",9,0,4,0
"BELLBRAE",4,0,4,0
"BELLBRIDGE",1,0,2,0
"BELLFIELD",1,0,1,0
"BELMONT",45,3,20,1
"BEMM RIVER",1,0,1,0
"BENALLA",48,2,16,3
"BENAMBRA",3,0,2,0
"BENDIGO",193,6,62,7
"BENDIGO EAST",5,0,1,0
"BENDOC",1,0,2,0
"BENNETSWOOD",1,0,2,0
"BENTLEIGH",55,5,36,1
"BENTLEIGH EAST",55,6,26,2
"BERRIWILLOCK",3,0,2,0
"BERRYS CREEK",1,0,1,0
"BERWICK",65,3,33,1
"BERWICK SOUTH",2,0,2,1
"BETHANGA",5,0,2,0
"BEULAH",4,0,1,0
"BEVERFORD",2,0,1,0
"BEVERIDGE",3,0,2,0
"BIG HILL  LOCKWOOD SOUTH",1,0,1,0
"BIGHILL",1,0,1,0
"BINGINWARRI",1,0,1,0
"BIRCHIP",8,0,3,0
"BIRDWOODTON",1,0,1,0
"BIRREGURRA",7,0,2,0
"BITTERN",12,1,4,0
"BLACK HILL",1,0,1,0
"BLACK ROCK",41,2,18,0
"BLACKBURN",35,4,18,1
"BLACKBURN NORTH",9,1,4,0
"BLACKBURN SOUTH",11,2,7,0
"BLACKROCK",1,0,2,0
"BLACKWOOD",5,0,4,0
"BLAIRGOWRIE",12,0,7,0
"BLAMPIED",3,0,1,0
"BLIND BIGHT",3,0,2,0
"BOBINAWARRAH",1,0,1,0
"BOBINAWARRAH EAST",1,0,1,0
"BOCHARA",1,0,1,0
"BOGONG",2,0,2,0
"BOISDALE",2,0,1,0
"BOLWARRA",1,0,1,0
"BONBEACH",10,0,4,0
"BONEGILLA",2,0,1,0
"BONEO",5,0,2,0
"BONNIE DOON",7,0,5,0
"BOOLARRA",3,0,1,0
"BOORCAN",1,0,1,0
"BOORHAMAN",2,0,2,0
"BOORT",12,3,2,0
"BORONIA",47,5,24,1
"BORONIA HEIGHTS",1,0,2,0
"BOUNDARY BEND",1,0,2,0
"BOX HILL",107,11,61,2
"BOX HILL NORTH",11,1,7,0
"BOX HILL SOUTH",13,1,10,0
"BRAESIDE",23,0,9,1
"BRANXHOLME",3,0,1,0
"BRAYBROOK",24,1,13,2
"BREAKWATER",7,0,2,2
"BREAMLEA",1,0,1,0
"BRIAGOLONG",2,0,1,0
"BRIAR HILL",3,0,3,0
"BRIDGEWATER",3,0,1,0
"BRIDGEWATER ON LODDON",3,0,2,0
"BRIGHT",51,1,28,1
"BRIGHTON",129,3,70,3
"BRIGHTON BEACH",2,0,1,0
"BRIGHTON EAST",24,1,9,0
"BRIGHTON NORTH",3,1,1,0
"BRIM",3,0,2,0
"BRIMIN",1,0,1,0
"BRIMPAEN",1,0,2,0
"BROADFORD",14,1,2,0
"BROADMEADOWS",23,1,13,0
"BROOKLYN",3,0,2,0
"BROWN HILL",2,0,1,0
"BROWNS PLAINS",2,0,1,0
"BRUNSWICK",169,13,67,5
"BRUNSWICK EAST",99,5,47,1
"BRUNSWICK NORTH",1,1,1,0
"BRUNSWICK WEST",28,1,15,0
"BRUTHEN",7,0,3,0
"BUANGOR",1,0,1,0
"BUCHAN",4,0,2,0
"BUCKLAND VALLEY",1,0,1,0
"BUCKLEY",1,0,1,0
"BUFFALO RIVER",2,0,1,0
"BULLA",2,0,1,0
"BULLEEN",28,1,10,3
"BULN BULN",2,0,1,0
"BUNBARTHA",1,0,1,0
"BUNDALAGUAH",1,0,1,0
"BUNDALONG",4,0,3,0
"BUNDOORA",78,7,37,1
"BUNGAREE",3,0,1,0
"BUNINYONG",13,1,6,0
"BUNYIP",8,1,3,0
"BURNLEY",1,0,2,0
"BURNSIDE",4,0,2,0
"BURNSIDE HEIGHTS",1,0,1,0
"BURRAMINE",2,0,1,0
"BURWOOD",27,5,9,0
"BURWOOD EAST",35,1,18,0
"BUSHFIELD",1,0,1,0
"BUXTON",6,1,2,0
"BYADUK",1,0,1,0
"BYAWATHA",1,0,1,0
"CAIRNLEA",8,0,5,0
"CALDERMEADE",1,0,1,0
"CALIFORNIA GULLY",2,0,1,0
"CALIVIL",2,0,1,0
"CAMBERWELL",111,19,59,1
"CAMBERWELL SOUTH",1,0,2,0
"CAMBRIAN HILL",1,0,1,0
"CAMPBELLFIELD",28,0,9,2
"CAMPBELLS CREEK",3,0,2,0
"CAMPBELLTOWN",1,0,2,0
"CAMPERDOWN",18,1,7,1
"CANN RIVER",4,1,2,0
"CANTERBURY",14,1,9,0
"CAPE BRIDGEWATER",2,0,2,0
"CAPE CLEAR",1,0,2,0
"CAPE OTWAY",3,0,2,0
"CAPE PATERSON",2,1,1,0
"CAPE SCHANCK",7,0,1,0
"CAPE SCHANK",1,0,1,0
"CAPE WOOLAMAI",5,0,6,0
"CARAMUT",2,0,2,0
"CARAPOOEE WEST",1,0,1,0
"CARDIGAN",2,0,1,0
"CARDINIA",2,0,2,0
"CARDINIA LAKES",1,0,2,0
"CARDROSS",4,0,2,0
"CARISBROOK",10,1,4,0
"CARLSRUHE",2,0,1,0
"CARLTON",186,2,83,1
"CARLTON NORTH",58,4,26,0
"CARNEGIE",79,7,49,1
"CARNGHAM",1,0,1,0
"CAROLINE SPRINGS",36,3,21,2
"CARRAJUNG LOWER",2,0,1,0
"CARRANBALLAC",1,0,1,0
"CARRUM",14,0,9,0
"CARRUM DOWNS",35,1,17,1
"CASSILIS",2,0,1,0
"CASTERTON",11,1,4,0
"CASTLEMAINE",50,0,30,1
"CATANI",4,0,1,0
"CATHCART",2,0,1,0
"CAULFIELD",27,4,11,2
"CAULFIELD EAST",11,3,8,1
"CAULFIELD NORTH",17,0,8,0
"CAULFIELD SOUTH",24,2,16,0
"CAVEAT VIA SEYMOUR",1,0,1,0
"CAVENDISH",3,0,2,0
"CERES",1,0,1,0
"CHADSTONE",43,2,29,1
"CHARLTON",14,1,5,0
"CHELSEA",28,0,18,2
"CHELSEA HEIGHTS",10,2,5,1
"CHELTENHAM",86,2,42,3
"CHESHUNT",6,0,2,0
"CHEWTON",2,1,2,0
"CHILTERN",10,1,4,0
"CHILWELL",1,0,1,0
"CHIRNSIDE PARK",30,0,11,1
"CHUM CREEK",1,0,1,0
"CHURCHILL",9,1,3,0
"CHURCHILL ISLAND",1,0,2,0
"CLARINDA",3,0,2,0
"CLARKEFIELD",1,0,2,0
"CLAYTON",87,7,49,4
"CLAYTON NORTH",2,0,2,0
"CLAYTON SOUTH",17,2,7,0
"CLEMATIS",1,0,1,0
"CLIFTON HILL",27,0,11,0
"CLIFTON SPRINGS",6,1,3,1
"CLUNES",11,0,4,0
"CLYDE",7,1,5,0
"CLYDE NORTH",6,0,4,0
"COBDEN",10,0,2,1
"COBRAM",27,2,6,1
"COBURG",76,6,33,2
"COBURG NORTH",13,0,7,0
"COCKATOO",6,0,4,0
"COGHILLS CREEK",3,0,1,0
"COHUNA",13,0,3,0
"COLAC",46,0,16,5
"COLAC EAST",1,0,2,0
"COLBINABBIN",9,0,2,0
"COLDSTREAM",38,1,7,0
"COLERAINE",8,0,3,0
"COLLINGWOOD",127,1,45,0
"CONDAH",3,0,1,0
"CONGUPNA",2,0,2,0
"CONNEWARRE",5,0,2,0
"COOLAROO",6,1,2,2
"COOMA",1,0,1,0
"COOPERS CREEK",1,0,1,0
"COORIEMUNGLE",3,0,1,0
"CORA LYNN",1,0,1,0
"CORADJIL VIA COBDEN",1,1,1,0
"CORINELLA",5,0,4,0
"CORIO",21,2,5,2
"CORNELLA",3,0,1,0
"CORONET BAY",1,0,2,0
"COROP",7,0,1,0
"COROROOKE",1,0,2,0
"CORRYONG",14,0,5,1
"COTTLES BRIDGE",3,0,1,0
"COWES",68,5,36,2
"COWES  PHILLIP ISLAND",2,0,3,0
"COWWARR",3,0,2,0
"CRAIGIE",1,0,1,0
"CRAIGIEBURN",51,4,31,2
"CRAIGIEBURN HIGHLANDS",1,0,2,0
"CRANBOURNE",55,5,25,4
"CRANBOURNE EAST",8,0,5,0
"CRANBOURNE NORTH",6,0,6,0
"CRANBOURNE SOUTH",2,0,1,0
"CRANBOURNE WEST",12,0,11,0
"CREMORNE",19,0,12,0
"CRESSY",2,0,1,0
"CRESWICK",15,1,3,0
"CRIB POINT",6,0,1,0
"CROWLANDS",1,0,1,0
"CROYDON",77,4,43,2
"CROYDON HILLS",2,0,2,0
"CROYDON NORTH",5,1,2,0
"CROYDON SOUTH",12,2,7,0
"CUDGEWA",2,0,2,0
"CULGOA",4,0,2,0
"CULLULLERAINE",2,0,2,0
"CURDIE VALE",1,0,1,0
"CURLEWIS",8,0,3,0
"CURLEWIS VIA DRYSDALE",1,0,1,0
"DADSWELLS BRIDGE",1,0,2,0
"DALLAS",2,0,1,0
"DALYSTON",2,0,2,0
"DANDENONG",87,9,30,6
"DANDENONG NORTH",11,1,5,0
"DANDENONG SOUTH",18,0,7,0
"DANDENONG WEST",1,0,2,0
"DARGO",3,0,2,0
"DARLEY",2,0,2,0
"DARLINGTON",1,0,2,0
"DARNUM",2,0,2,0
"DARRAWEIT GUIM",1,0,1,0
"DARTMOOR",4,0,1,0
"DARTMOUTH",1,0,1,0
"DAYLESFORD",44,0,23,2
"DEANS MARSH",5,0,3,0
"DEDERANG",4,0,1,0
"DEEPDENE",6,1,4,0
"DEER PARK",26,1,13,2
"DELACOMBE",2,0,1,0
"DELAHEY",3,1,3,0
"DELEGATE RIVER",1,0,2,0
"DENNINGTON",3,0,1,0
"DENVER",2,0,1,0
"DEREEL",1,0,1,0
"DERGHOLM",1,0,1,0
"DERRIMUT",11,0,5,0
"DERRINALLUM",5,0,3,0
"DEVENISH",1,0,1,0
"DEVON MEADOWS",1,0,1,0
"DHURRINGILE",1,0,1,0
"DIAMOND CREEK",23,2,11,1
"DIGBY",1,0,1,0
"DIGGERS REST",8,1,4,0
"DIMBOOLA",10,1,3,0
"DINGEE",2,0,2,0
"DINGLEY",10,0,3,1
"DINGLEY VILLAGE",7,0,6,0
"DINNER PLAIN",11,1,3,0
"DIXIE",1,0,1,0
"DIXONS CREEK",16,0,6,0
"DOCKLANDS",178,2,80,0
"DONALD",12,1,3,0
"DONCASTER",53,5,25,2
"DONCASTER EAST",82,14,43,1
"DONCASTER WEST",1,0,2,0
"DONNYBROOK",1,0,1,0
"DONVALE",11,0,4,0
"DOOEN",2,0,1,0
"DOOKIE",5,0,2,0
"DOOKIE COLLEGE",1,0,2,0
"DOREEN",18,0,12,0
"DOVETON",17,1,4,1
"DROMANA",54,5,21,2
"DROPMORE",1,0,1,0
"DROUIN",30,3,7,1
"DROUIN EAST",3,0,2,0
"DROUIN WEST",1,0,1,0
"DRUMCONDA",1,0,2,0
"DRUMCONDRA",2,0,1,0
"DRUMMOND NORTH",2,0,1,0
"DRUMMOND VIA KYNETON",1,0,1,0
"DRUNG",2,0,1,0
"DRY DIGGINGS",2,0,2,0
"DRYSDALE",26,3,9,0
"DUMBALK",2,0,1,0
"DUNKELD",12,0,2,0
"DUNNSTOWN",3,0,2,0
"DUNOLLY",8,0,4,0
"DURHAM LEAD",1,0,1,0
"EAGLE POINT",3,0,2,0
"EAGLEHAWK",17,0,6,1
"EAGLEMONT",4,2,3,0
"EAST BALWYN",1,1,1,0
"EAST BENTLEIGH",2,0,1,0
"EAST BRUNSWICK",4,0,2,0
"EAST BURWOOD",1,0,2,0
"EAST COBURG",2,0,1,0
"EAST DONCASTER",1,0,1,0
"EAST GEELONG",8,0,6,0
"EAST HAWTHORN",3,1,2,0
"EAST IVANHOE",2,1,1,0
"EAST KEILOR",1,0,2,0
"EAST MALVERN",4,0,3,0
"EAST MELBOURNE",42,1,18,0
"EAST PRESTON",3,0,3,0
"EAST ST KILDA",3,0,2,0
"EAST THOMASTOWN",1,0,1,0
"EASTWOOD",2,0,2,0
"EBDEN",1,0,2,0
"ECHUCA",80,0,29,3
"ECHUCA WEST",1,0,1,0
"ECKLIN SOUTH",1,0,1,0
"EDDINGTON",1,0,2,0
"EDENHOPE",10,0,4,0
"EDI",1,0,1,0
"EDITHVALE",17,4,7,0
"EILDON",12,1,5,0
"ELAINE",3,0,1,0
"ELDORADO",2,0,2,0
"ELLIMINYT",7,0,2,0
"ELLINABANK",1,0,1,0
"ELLINBANK",2,0,1,0
"ELMHURST",3,0,2,0
"ELMORE",7,1,3,0
"ELPHINSTONE",4,0,2,0
"ELSTERNWICK",85,9,45,2
"ELTHAM",57,1,28,1
"ELTHAM NORTH",2,0,2,0
"ELWOOD",62,3,32,1
"EMERALD",17,0,10,0
"ENDEAVOUR HILLS",23,3,8,0
"ENFIELD",1,0,2,0
"ENSAY",3,0,2,0
"EPPALOCK",3,0,1,0
"EPPING",73,2,34,4
"EPSOM",6,0,5,0
"ERICA",3,0,3,0
"ESKDALE",4,0,2,0
"ESSENDON",77,1,41,4
"ESSENDON AIRPORT",1,0,2,0
"ESSENDON FIELDS",7,0,5,0
"ESSENDON NORTH",8,0,4,1
"EUMEMMERRING",2,0,3,0
"EUROA",22,0,9,0
"EUROBIN",3,0,2,0
"EVERSLEY",1,0,1,0
"EVERTON",1,0,2,0
"EVERTON UPPER",7,0,1,0
"EYNESBURY",3,0,2,0
"FAIRFIELD",46,3,22,0
"FAIRHAVEN",1,0,1,0
"FALLS CREEK",49,15,21,0
"FARADAY",3,0,1,0
"FAWKNER",22,1,8,2
"FERGUSON",1,0,1,0
"FERNDALE",1,0,1,0
"FERNTREE GULLY",56,5,24,4
"FERNTREE GULLY UPPER",1,0,1,0
"FERNY CREEK",2,0,3,0
"FINGAL",13,0,3,0
"FISH CREEK",10,0,2,0
"FISHERMANS BEND",2,0,2,0
"FITZROY",256,4,84,1
"FITZROY NORTH",64,2,31,0
"FIVE WAYS",1,0,2,0
"FLEMINGTON",31,5,14,1
"FLINDERS",17,2,8,0
"FLOWERDALE",4,0,1,0
"FLYNN",1,1,1,0
"FOOTSCRAY",141,9,71,3
"FOOTSCRAY SOUTH",1,0,2,0
"FOOTSCRAY WEST",18,0,13,0
"FOREST HILL",34,3,21,1
"FORREST",6,0,5,0
"FOSTER",15,0,6,1
"FOSTER NORTH",1,0,1,0
"FOUNTAIN GATE",4,0,3,0
"FRAMLINGHAM",1,0,1,0
"FRANKLINFORD",1,0,1,0
"FRANKSTON",134,7,60,4
"FRANKSTON EAST",1,1,1,0
"FRANKSTON NORTH",7,1,3,0
"FRANKSTON SOUTH",9,1,4,0
"FRASER RISE",3,0,2,0
"FRENCH ISLAND",1,0,1,0
"FRENCHMANS",1,0,1,0
"FRESHWATER CREEK",1,0,2,0
"FYANSFORD",4,0,2,0
"GANNAWARRA",1,0,1,0
"GAPSTED",3,0,2,0
"GARDEN CITY",1,0,2,0
"GARDENVALE",1,1,1,0
"GARFIELD",5,0,2,0
"GEELONG",211,7,78,3
"GEELONG EAST",4,0,2,0
"GEELONG NORTH",20,0,8,3
"GEELONG SOUTH",5,0,3,0
"GEELONG WEST",55,3,37,1
"GELANTIPY",1,0,1,0
"GELLIBRAND",5,1,3,0
"GELLIBRAND RIVER",1,0,2,0
"GEMBROOK",16,1,5,0
"GENOA",1,0,2,0
"GILLEAR",1,0,1,0
"GIPSY POINT",2,0,3,0
"GIRGARRE",2,0,1,0
"GISBORNE",36,2,17,1
"GLADSTONE PARK",8,1,5,0
"GLADYSDALE",2,0,1,0
"GLEN AIRE",1,0,1,0
"GLEN ALVIE",2,0,1,0
"GLEN FORBES",3,0,2,0
"GLEN HUNTLY",7,1,4,0
"GLEN IRIS",55,5,26,0
"GLEN WAVERLEY",135,5,60,4
"GLEN WAVERLEY NORTH",1,0,2,0
"GLEN WILLS",1,0,1,0
"GLENAIRE",1,0,2,0
"GLENBURN",2,0,1,0
"GLENFERRIE",1,0,1,0
"GLENGARRY",6,1,3,0
"GLENHOPE",1,0,1,0
"GLENHUNTLY",9,3,7,0
"GLENLYON",4,0,2,0
"GLENORCHY",1,0,1,0
"GLENROWAN",7,0,3,0
"GLENROY",26,1,10,1
"GOLDEN BEACH",4,0,3,0
"GOLDEN GULLY",1,0,2,0
"GOLDEN POINT",4,0,4,0
"GOLDEN SQUARE",8,0,3,0
"GOORAMADDA",2,0,1,0
"GOORAMBAT",2,0,1,0
"GOORNONG",3,0,3,0
"GORDON",5,0,3,0
"GORMANDALE",2,0,2,0
"GOROKE",4,0,2,0
"GOUGHS BAY",2,0,2,0
"GOUGHS BAY (VIA MANSFIELD",1,0,2,0
"GOWANBRAE",3,1,1,0
"GRAHAMVALE",2,0,2,0
"GRANTVILLE",4,0,4,0
"GRANYA",2,0,3,0
"GRAYTOWN",2,0,1,0
"GREAT WESTERN",9,0,3,0
"GREEN LAKE",1,0,1,0
"GREEN LAKE VIA HORSHAM",1,0,1,0
"GREENDALE",1,0,1,0
"GREENSBOROUGH",51,6,26,2
"GREENVALE",7,1,2,0
"GRETA",2,0,1,0
"GREYTHORN",1,0,2,0
"GROVEDALE",29,1,14,1
"GRUYERE",13,0,2,0
"GRUYERE VIA COLDSTREAM",3,0,1,0
"GUILDFORD",5,0,2,0
"GUNBOWER",5,0,1,0
"GUNDOWRING",1,0,1,0
"GUYS HILL",1,0,1,0
"HADDON",2,1,2,0
"HADFIELD",5,1,4,0
"HALLAM",15,1,8,1
"HALLORA",1,0,1,0
"HALLS GAP",29,1,15,0
"HAMILTON",59,5,15,2
"HAMLYN HEIGHTS",3,0,3,0
"HAMPTON",69,4,36,1
"HAMPTON EAST",6,0,3,0
"HAMPTON PARK",23,2,11,1
"HANGING ROCK",1,0,2,0
"HARCOURT",12,0,4,0
"HARCOURT NORTH",1,0,1,0
"HARCOURT SOUTH",1,0,1,0
"HARRIETVILLE",5,0,4,0
"HARRISFIELD",1,0,2,0
"HARROW",5,0,2,0
"HASTINGS",35,2,21,3
"HATTAH",1,0,2,0
"HAWKESDALE",1,0,1,0
"HAWKSBURN",2,0,3,0
"HAWTHORN",162,7,97,1
"HAWTHORN EAST",57,1,25,1
"HEALESVILLE",88,2,30,2
"HEATHCOTE",45,0,11,0
"HEATHERTON",13,0,4,0
"HEATHMERE",1,0,1,0
"HEATHMONT",20,2,11,0
"HEIDELBERG",34,1,22,2
"HEIDELBERG HEIGHTS",10,1,7,0
"HEIDELBERG WEST",15,1,9,1
"HEPBURN",3,0,1,0
"HEPBURN SPRINGS",24,0,10,0
"HERNE HILL",7,0,3,0
"HESKET",2,0,1,0
"HEYFIELD",10,1,3,0
"HEYWOOD",9,0,3,0
"HIGHETT",41,2,20,1
"HIGHTON",27,1,16,0
"HILLSIDE",12,1,8,1
"HODDLES CREEK",2,0,1,0
"HOPETOUN",5,0,2,0
"HOPPERS CROSSING",56,3,33,3
"HORDERN VALE",1,0,2,0
"HORSHAM",73,3,20,3
"HOTHAM HEIGHTS",12,6,3,0
"HOWQUA",1,0,2,0
"HUGHESDALE",8,0,4,0
"HUMEVALE",1,0,1,0
"HUNTINGDALE",11,1,6,0
"HUNTLY",8,0,3,0
"HURSTBRIDGE",16,0,10,0
"INDENTED HEAD",2,0,2,0
"INDIGO VALLEY",2,0,1,0
"INGLEWOOD",7,0,2,0
"INVERGORDON",1,0,2,0
"INVERLEIGH",6,0,2,0
"INVERLOCH",29,2,12,0
"INVERMAY",3,0,1,0
"IONA",1,0,1,0
"IRAAK",1,0,1,0
"IRONBARK",1,0,1,0
"IRREWARRA",1,0,1,0
"IRREWILLIPE",1,0,1,0
"IRYMPLE",14,0,4,0
"IVANHOE",52,1,30,1
"IVANHOE EAST",7,0,5,0
"JACANA",2,0,1,1
"JAMIESON",7,0,3,0
"JAN JUC",10,0,3,0
"JARKLIN",1,0,2,0
"JEPARIT",5,0,4,0
"JINDIVICK",2,1,1,0
"JOHANNA",1,0,1,0
"JOHNSONVILLE",2,0,2,0
"JOLIMONT",2,0,2,0
"JORDANVILLE",1,0,1,0
"JUNCTION VILLAGE",1,0,2,0
"JUNORTOUN",4,0,1,0
"KAARIMBA",1,0,1,0
"KALIMNA",2,0,2,0
"KALIMNA WEST",2,0,2,0
"KALKALLO",1,0,1,0
"KALKEE",1,0,1,0
"KALLISTA",8,2,5,0
"KALORAMA",2,0,2,0
"KANGAROO FLAT",21,0,9,2
"KANGAROO GROUND",11,0,4,0
"KANIVA",8,1,2,0
"KANUMBRA",1,0,1,0
"KANYAPELLA",4,0,1,0
"KARADOC",1,0,1,0
"KARADOC VIA RED CLIFFS",1,0,1,0
"KARDELLA SOUTH",3,0,1,0
"KARINGAL",5,0,4,0
"KATAMATITE",4,0,1,0
"KATANDRA WEST",5,0,2,0
"KATUNGA",5,0,1,0
"KEALBA",8,1,3,1
"KEILOR",17,0,6,1
"KEILOR DOWNS",3,0,2,1
"KEILOR EAST",24,4,11,0
"KEILOR NORTH",1,0,1,0
"KEILOR PARK",14,1,2,0
"KENLEY",1,0,1,0
"KENNINGTON",4,0,4,0
"KENNINGTON VIA BENDIGO",1,0,1,0
"KENSINGTON",47,1,24,0
"KEON PARK",4,0,2,0
"KERANG",19,3,3,1
"KERGUNYAH",1,0,2,0
"KERNOT",2,0,3,0
"KEVINGTON",1,0,1,0
"KEW",89,7,36,0
"KEW EAST",22,0,11,1
"KEYSBOROUGH",40,4,16,2
"KIALLA",14,1,3,1
"KIALLA WEST",3,0,3,0
"KIEWA",2,0,2,0
"KILCUNDA",4,0,2,0
"KILLARNEY",3,0,2,0
"KILMORE",26,1,12,1
"KILSYTH",17,0,11,1
"KILSYTH SOUTH",1,0,2,0
"KING VALLEY",6,0,2,0
"KINGLAKE",4,0,4,0
"KINGLAKE CENTRAL",2,0,1,0
"KINGOWER",2,0,1,0
"KINGOWER VIA INGLEWOOD",1,0,1,0
"KINGSBURY",10,2,4,0
"KINGSTON",1,0,2,0
"KINGSVILLE",4,0,5,0
"KIRKSTALL",1,0,1,0
"KNOWSLEY",3,0,1,0
"KNOXFIELD",17,3,4,0
"KOO-WEE-RUP",2,0,2,0
"KOO WEE RUP",7,3,2,0
"KOONDROOK",3,0,2,0
"KOONOOMOO",4,0,4,0
"KOONWARRA",2,0,2,0
"KOORLONG",3,0,2,0
"KOOYONG",8,0,3,0
"KOROIT",11,0,5,0
"KORONG VALE",3,0,1,0
"KORUMBURRA",23,4,8,1
"KOTUPNA",1,0,1,0
"KOYUGA",1,0,1,0
"KYABRAM",20,1,5,1
"KYABRAM WEST",1,0,1,0
"KYNETON",51,2,29,2
"LAANG",1,1,1,0
"LABERTOUCHE",2,0,2,0
"LACEBY",1,0,1,0
"LAHARUM",4,0,2,0
"LAKE BOGA",7,0,2,0
"LAKE BOLAC",6,0,2,0
"LAKE BUNGA",1,0,1,0
"LAKE CHARM",2,0,2,0
"LAKE CULLULLERAINE",1,1,1,0
"LAKE EPPALOCK",1,1,1,0
"LAKE GILLEAR",1,0,1,0
"LAKE HUME VIA EBDEN",1,0,1,0
"LAKE LONSDALE",1,0,1,0
"LAKE TYERS BEACH",2,0,1,0
"LAKE WELLINGTON",1,0,1,0
"LAKE WENDOUREE",1,0,1,0
"LAKES ENTRANCE",40,2,15,3
"LAL LAL",1,0,1,0
"LALBERT",3,0,1,0
"LALOR",24,2,12,1
"LAMPLOUGH",2,0,1,0
"LANCASTER",1,0,1,0
"LANCEFIELD",24,0,3,0
"LANDSBOROUGH",4,0,2,0
"LANG LANG",9,1,3,0
"LANGWARRIN",15,1,9,1
"LARA",27,0,12,2
"LARA LAKE",1,0,1,0
"LASCELLES",1,0,1,0
"LAUNCHING PLACE",2,0,1,0
"LAVERS HILL",5,0,6,0
"LAVERTON",23,2,10,2
"LAVERTON NORTH",5,0,3,0
"LEARMONTH",7,0,1,0
"LEICHARDT",1,0,1,0
"LEIGH CREEK",1,0,1,0
"LEITCHVILLE",4,0,2,0
"LEONGATHA",27,1,11,2
"LEONGATHA NORTH",1,0,1,0
"LEONGATHA SOUTH",4,0,1,0
"LEOPOLD",18,0,10,1
"LETHBRIDGE",9,0,3,0
"LEXTON",4,0,1,0
"LICOLA",1,0,2,0
"LILLIPUT",1,0,1,0
"LILYDALE",59,2,27,3
"LIMA SOUTH",3,0,2,0
"LINDENOW",6,0,4,0
"LINDENOW SOUTH",2,0,1,0
"LINTON",3,0,2,0
"LISMORE",7,0,2,0
"LITTLE RIVER",2,0,1,0
"LOCH",9,0,4,0
"LOCH SPORT",8,1,2,0
"LOCKINGTON",5,0,2,0
"LOCKSLEY",2,0,1,0
"LOCKWOOD SOUTH",1,0,1,0
"LOGAN",1,0,2,0
"LONG GULLY",1,0,1,0
"LONGFORD",6,0,2,0
"LONGLEA",1,0,1,0
"LONGWARRY",6,0,3,0
"LONGWARRY NORTH",1,0,1,0
"LONGWOOD",2,0,1,0
"LONGWOOD EAST",1,0,1,0
"LORNE",41,0,15,1
"LOVELY BANKS",4,0,1,0
"LOWER NORTON",2,0,1,0
"LOWER PLENTY",16,1,6,1
"LOWER TEMPLESTOWE",16,2,8,0
"LUCAS",1,0,2,0
"LUCKNOW",4,1,2,0
"LYNBROOK",5,1,4,0
"LYNDHURST",11,0,9,1
"LYONVILLE",3,0,2,0
"LYSTERFIELD",4,0,1,0
"MACARTHUR",7,0,2,0
"MACCLESFIELD",1,0,1,0
"MACEDON",16,0,7,0
"MACLEOD",13,1,6,0
"MACORNA",1,0,1,0
"MACS COVE",1,0,2,0
"MADDINGLEY",1,0,2,0
"MAFFRA",21,2,5,1
"MAFFRA WEST UPPER",1,0,1,0
"MAGPIE",1,0,2,0
"MAIDEN GULLY",7,0,2,0
"MAIDSTONE",20,0,8,1
"MAIN RIDGE",18,0,3,0
"MAINDAMPLE",1,0,1,0
"MALDON",18,1,7,0
"MALLACOOTA",7,0,4,0
"MALMSBURY",8,0,4,0
"MALVERN",79,2,45,2
"MALVERN EAST",81,5,41,2
"MANANGATANG",4,0,2,0
"MANDURANG",7,0,1,0
"MANGALORE",1,0,2,0
"MANIFOLD HEIGHTS",4,0,4,0
"MANNERIM",2,0,2,0
"MANOR LAKES",1,0,1,0
"MANSFIELD",40,3,14,1
"MARCUS HILL",4,0,1,0
"MARDAN",1,0,1,0
"MARIBYRNONG",42,1,22,1
"MARKWOOD",1,0,1,0
"MARLO",2,0,1,0
"MARNOO",3,0,2,0
"MARONG",8,0,1,0
"MAROONA",1,0,1,0
"MARYBOROUGH",37,2,13,2
"MARYKNOLL",1,0,2,0
"MARYSVILLE",16,1,10,0
"MCADAMS GAP",1,0,2,0
"MCCRAE",8,0,5,0
"MCKINNON",14,3,5,1
"MCMAHONS CREEK",1,0,1,0
"MEADOW HEIGHTS",2,0,2,0
"MEENIYAN",12,0,5,0
"MEERLIEU",2,0,1,0
"MELB INTERNATIONAL AIRPORT",1,0,1,0
"MELBOURNE",1407,8,521,7
"MELBOURNE AIRPORT",44,0,12,0
"MELBOURNE AREA",1,0,1,0
"MELBOURNE SOUTH",13,0,5,0
"MELBOURNE UNIVERSITY",5,0,1,0
"MELTON",55,5,24,3
"MELTON SOUTH",14,0,7,1
"MELTON WEST",9,0,7,0
"MENTONE",42,2,19,1
"MERBEIN",12,0,2,1
"MERBEIN SOUTH",1,0,2,0
"MEREDITH",4,0,2,0
"MERINO",2,0,2,0
"MERLYNSTON",1,0,2,0
"MERNDA",13,0,9,1
"MERRICKS",11,0,4,0
"MERRICKS BEACH",1,0,1,0
"MERRICKS NORTH",13,0,2,0
"MERRIGUM",4,0,1,0
"MERRIJIG",6,1,3,0
"MERTON",1,0,1,0
"METCALFE",1,0,1,0
"METUNG",11,0,5,0
"MIA MIA",2,0,1,0
"MICKLEHAM",2,0,1,0
"MIDDLE BRIGHTON",5,0,4,0
"MIDDLE PARK",18,0,8,0
"MILAWA",16,1,7,0
"MILDURA",135,2,41,5
"MILDURA SOUTH",3,0,2,0
"MILL PARK",45,4,22,1
"MILLGROVE",1,0,2,0
"MINERS REST",5,0,2,0
"MINIMAY",1,0,1,0
"MININERA",1,0,1,0
"MINYIP",8,0,3,0
"MIRBOO NORTH",13,1,5,0
"MITCHAM",40,4,21,1
"MITCHELLSTOWN",2,0,1,0
"MITIAMO",3,0,1,0
"MITTA MITTA",3,0,1,0
"MODEWARRE",1,0,1,0
"MOE",33,6,12,3
"MOLESWORTH",3,0,3,0
"MOLIAGUL",1,0,1,0
"MONASH UNIVERSITY",5,1,3,0
"MONBULK",22,2,9,1
"MONEGEETTA",1,0,2,0
"MONGANS BRIDGE",2,0,1,0
"MONOMEITH",1,0,2,0
"MONT ALBERT",12,2,7,0
"MONT ALBERT NORTH",3,0,1,0
"MONTMORENCY",19,1,7,1
"MONTROSE",15,2,7,0
"MOOLAP",11,0,4,0
"MOONAMBEL",17,0,3,0
"MOONDARAH",1,0,1,0
"MOONEE PONDS",111,10,66,4
"MOONLIGHT",1,0,1,0
"MOONLIGHT FLAT",1,1,1,0
"MOORABBIN",57,3,21,2
"MOORABBIN AIRPORT",4,0,5,0
"MOORABOOL",1,0,1,0
"MOORNGAG",2,0,1,0
"MOOROODUC",21,0,3,0
"MOOROOLBARK",25,1,10,0
"MOOROOPNA",19,0,10,1
"MORDIALLOC",52,0,19,2
"MORDIALLOC NORTH",1,0,2,0
"MORIAC",2,0,3,0
"MORNINGTON",124,7,59,4
"MORNINGTON EAST",1,0,2,0
"MORTLAKE",6,0,2,0
"MORWELL",48,3,21,5
"MOUNT BAW BAW",9,6,1,0
"MOUNT BEAUTY",6,0,4,0
"MOUNT BRUNO",1,0,1,0
"MOUNT BULLER",54,31,8,0
"MOUNT BURNETT",1,0,1,0
"MOUNT CAMEL",1,0,1,0
"MOUNT CLEAR",3,0,2,0
"MOUNT DANDENONG",8,0,3,0
"MOUNT DUNEED",5,0,1,0
"MOUNT ELIZA",49,2,21,0
"MOUNT EVELYN",13,1,8,1
"MOUNT HELEN",3,0,2,0
"MOUNT HOTHAM",12,6,4,0
"MOUNT MACEDON",9,0,4,0
"MOUNT MARTHA",33,4,9,1
"MOUNT MORIAC",4,0,1,0
"MOUNT PLEASANT",1,0,1,0
"MOUNT SCOBIE",1,0,1,0
"MOUNT TOOLEBEWONG",1,0,1,0
"MOUNT WAVERLEY",58,6,32,0
"MOUNTAIN GATE",1,0,1,0
"MOYARRA",1,0,1,0
"MOYHU",4,0,2,0
"MOYSTON",5,0,2,0
"MT BEAUTY",2,0,1,0
"MT BULLER",10,9,1,0
"MT CLEAR",2,0,2,0
"MT ELIZA",2,1,1,0
"MT EVELYN",2,1,1,0
"MT HOTHAM",6,3,3,0
"MT MARTHA",1,0,1,0
"MT WAVERLEY",3,2,2,0
"MUCKLEFORD",2,0,1,0
"MUDGEEGONGA",1,0,1,0
"MULGRAVE",31,2,14,2
"MURCHISON",7,0,1,0
"MURCHISON EAST",1,0,2,0
"MURGHEBOLUC",1,0,1,0
"MURRABIT",4,0,2,0
"MURRADOC",1,0,1,0
"MURRAYDALE",1,0,1,0
"MURRAYVILLE",4,0,1,0
"MURRINDINDI",2,0,1,0
"MURROON",2,0,1,0
"Murrumbeena",1,1,1,0
"MURRUMBEENA",18,2,9,0
"MURTOA",5,0,2,0
"MUSK",4,0,1,0
"MYERS FLAT",1,0,1,0
"MYRNIONG",3,0,3,0
"MYRRHEE",5,0,2,0
"MYRRHEE  MOYHU",1,0,1,0
"MYRTLE CREEK",1,0,1,0
"MYRTLEFORD",41,5,16,1
"MYSTIC PARK",3,0,1,0
"NAGAMBIE",32,1,5,1
"NAMBROK",2,0,1,0
"NAMBROOK VIA ROSEDALE",1,0,1,0
"NANDALY",1,0,2,0
"NANGILOC",3,0,1,0
"NANNEELLA",1,0,1,0
"NAPOLEONS",1,0,1,0
"NAR NAR GOON",4,0,1,0
"NARBETHONG",1,0,2,0
"NARRACAN",2,0,1,0
"NARRE WARREN",47,4,26,1
"NARRE WARREN EAST",4,0,2,0
"NARRE WARREN NORTH",8,0,3,0
"NARRE WARREN SOUTH",14,0,9,0
"NATHALIA",12,1,3,0
"NATIMUK",6,0,2,0
"NATTE YALLOCK",2,0,1,0
"NAVARRE",2,0,2,0
"NEERIM JUNCTION",1,0,2,0
"NEERIM SOUTH",7,0,2,0
"NELSON",4,1,3,0
"NERRENA",1,0,1,0
"NERRINA",1,0,1,0
"NETHERBY",1,0,2,0
"NEW GISBORNE",8,0,2,0
"NEWBOROUGH",11,0,4,1
"NEWBRIDGE",4,0,3,0
"NEWCOMB",13,1,8,1
"NEWHAM",5,0,2,0
"NEWHAVEN",7,0,3,0
"NEWLYN",2,0,2,0
"NEWLYN NORTH",1,0,2,0
"NEWMARKET",4,0,3,1
"NEWMERELLA",1,0,1,0
"NEWPORT",32,2,17,1
"NEWRY",3,0,1,0
"NEWSTEAD",10,0,5,0
"NEWTOWN",30,0,15,2
"NHILL",12,0,3,0
"NICHOLS POINT",10,0,2,0
"NICHOLSON",3,0,1,0
"NIDDRIE",26,2,17,0
"NIRRANDA",1,0,1,0
"NOBLE PARK",36,9,9,3
"NOBLE PARK NORTH",4,0,2,0
"NOOJEE",4,0,4,0
"NOORAT",3,0,1,0
"NORADJUHA",1,0,1,0
"NORLANE",19,1,9,1
"NORLANE WEST",1,1,1,0
"NORONG",1,0,1,0
"NORTH BALLARAT",2,0,2,0
"NORTH BALWYN",4,1,2,0
"NORTH BAYSWATER",1,0,1,0
"NORTH BENDIGO",1,0,1,0
"NORTH BRIGHTON",1,0,1,0
"NORTH CARLTON",4,0,4,0
"NORTH CAULFIELD",2,1,1,0
"NORTH COBURG",1,0,1,0
"NORTH CROYDON",1,0,2,0
"NORTH DANDENONG",2,0,2,0
"NORTH ESSENDON",7,0,6,0
"NORTH FITZROY",5,0,3,1
"NORTH GEELONG",11,0,4,0
"NORTH GLENROY",1,0,1,0
"NORTH MELBOURNE",87,4,46,0
"NORTH RINGWOOD",3,0,3,0
"NORTH SHORE",2,0,1,0
"NORTH SUNSHINE",2,0,2,0
"NORTH WANGARATTA",1,0,1,0
"NORTH WARRANDYTE",1,0,1,0
"NORTH WILLIAMSTOWN",2,0,1,0
"NORTHCOTE",140,6,63,1
"NOTTING HILL",6,1,3,0
"NOWA NOWA",1,0,2,0
"NUG NUG",1,0,1,0
"NULLAWARRE",2,0,3,0
"NULLAWIL",1,0,1,0
"NUMURKAH",20,0,8,1
"NUNAWADING",27,1,18,1
"NUNGURNER",1,0,1,0
"NYAH",5,0,3,0
"NYAH WEST",5,0,2,0
"NYORA",3,0,2,0
"OAK PARK",12,1,3,0
"OAKLANDS JUNCTION",1,0,2,0
"OAKLEIGH",70,5,23,3
"OAKLEIGH EAST",6,1,5,0
"OAKLEIGH SOUTH",14,0,5,0
"OCEAN GROVE",46,2,21,1
"OFFICER",12,0,5,1
"OLINDA",23,2,12,0
"OLXEY",1,0,1,0
"OMEO",9,0,3,0
"ON SUNRAYSIA HWY",1,0,1,0
"ORBOST",15,2,4,1
"ORMOND",27,4,12,0
"ORMOND EAST",1,0,2,0
"OUTTRIM",3,0,1,0
"OUYEN",7,0,2,1
"OVENS",2,0,2,0
"OVENS VALE",1,0,1,0
"OXLEY",7,0,3,0
"PAKENHAM",58,4,28,3
"PAKENHAM EAST",1,0,2,0
"PAKENHAM UPPER",2,0,1,0
"PANMURE",2,0,1,0
"PANTON HILL",5,0,1,0
"PARAPARAP",3,0,1,0
"PARK ORCHARDS",8,1,4,0
"PARKDALE",28,2,19,0
"PARKVILLE",36,1,11,0
"PASCOE VALE",32,2,17,2
"PASCOE VALE SOUTH",14,0,7,0
"PASTORIA",1,0,1,0
"PASTORIA EAST VIA KYNETON",1,0,1,0
"PATCHEWOLLOCK",1,0,1,0
"PATTERSON LAKES",20,0,15,1
"PAYNESVILLE",18,2,7,0
"PEARCEDALE",6,2,2,0
"PENNYROYAL",2,0,2,0
"PENSHURST",5,0,4,0
"PETERBOROUGH",3,0,2,0
"PHEASANT CREEK",1,0,2,0
"PHILLIP ISLAND",8,0,5,0
"PIANGIL",4,0,2,0
"PICOLA",3,0,1,0
"PIGEON PONDS",1,0,1,0
"PIMPINIO",1,0,1,0
"PINE GROVE",1,0,1,0
"PINE LODGE",1,0,1,0
"PIPERS CREEK",3,0,1,0
"PIRRON YALLOCK",2,0,1,0
"PLENTY",10,1,3,0
"PLUMPTON",2,0,1,0
"POINT COOK",68,2,44,3
"POINT LEO",2,1,1,0
"POINT LONSDALE",15,1,6,0
"POMBORNEIT",1,0,1,0
"POMONAL",3,0,1,0
"POOWONG",3,0,2,0
"POREPUNKAH",17,0,4,0
"PORT ALBERT",6,0,5,0
"PORT CAMPBELL",14,0,6,0
"PORT FAIRY",48,2,24,0
"PORT MELBOURNE",136,3,59,2
"PORT WELSHPOOL",2,0,1,0
"PORTARLINGTON",22,2,8,1
"PORTLAND",53,6,13,4
"PORTSEA",9,0,3,0
"POWELLTOWN",3,0,2,0
"PRAHRAN",152,8,52,2
"PRAHRAN EAST",1,0,1,0
"PRESTON",140,7,66,5
"PRESTON EAST",1,0,1,0
"PRESTON SOUTH",2,0,3,0
"PRESTON WEST",2,0,3,0
"PRINCES HILL",2,0,1,0
"PRINCETOWN",2,0,1,0
"PURNIM",1,0,1,0
"PYALONG",3,0,2,0
"PYRAMID HILL",5,0,2,0
"QUAMBATOOK",4,0,1,0
"QUANTONG",2,0,1,0
"QUARRY HILL",4,0,2,0
"QUEENSCLIFF",42,2,20,1
"QUEENSCLIFFE",1,0,2,0
"RAINBOW",7,0,3,0
"RAVENHALL",9,0,3,0
"RAVENSWOOD",4,0,2,0
"RAVENSWOOD NORTH",1,0,1,0
"RAVENSWOOD SOUTH",1,0,1,0
"RAWSON",4,0,3,0
"RAYWOOD",5,0,2,0
"RED CLIFFS",23,2,4,1
"RED HILL",38,1,8,0
"RED HILL SOUTH",24,1,7,0
"REDAN",2,0,1,0
"REDBANK",3,0,2,0
"REDESDALE",5,0,4,0
"RESEARCH",8,1,2,0
"RESERVOIR",77,6,32,4
"RHEOLA",1,0,1,0
"RHYLL",10,1,5,0
"RHYMNEY",1,0,1,0
"RICHMOND",298,8,137,4
"RICHMOND NORTH",2,1,1,0
"RIDDELLS CREEK",10,1,4,0
"RINGWOOD",94,4,39,5
"RINGWOOD EAST",26,3,11,1
"RINGWOOD NORTH",13,1,7,0
"RIPPLESIDE",2,0,3,0
"RIPPONLEA",18,0,11,0
"ROBINVALE",10,2,4,1
"ROCHESTER",14,0,5,0
"ROCKBANK",11,0,3,0
"ROKEWOOD",4,0,2,0
"ROMSEY",17,1,9,0
"ROSANNA",17,2,10,0
"ROSEBUD",50,2,27,3
"ROSEBUD SOUTH",1,0,1,0
"ROSEBUD WEST",10,1,5,0
"ROSEDALE",12,1,6,0
"ROSEWHITE",1,0,1,0
"ROSEWHITE VIA MYRTLEFORD",1,0,1,0
"ROSS CREEK",2,0,2,0
"ROWVILLE",47,0,17,1
"ROXBURGH PARK",10,0,6,0
"RUFFY",1,0,2,0
"RUPANYUP",5,0,2,0
"RUSHWORTH",10,1,2,0
"RUSSELL BRIDGE",1,0,1,0
"RUTHERGLEN",46,0,5,0
"RYE",37,1,23,2
"SAFETY BEACH",11,0,3,0
"SAILORS FALL",1,0,1,0
"SAILORS FALLS",1,0,2,0
"SALE",64,2,25,5
"SAN REMO",13,2,5,0
"SANCTUARY LAKES",1,0,2,0
"SANDFORD",1,0,1,0
"SANDHURST",1,0,1,0
"SANDON",1,0,1,0
"SANDOWN",1,0,1,0
"SANDRINGHAM",46,1,27,1
"SANDY POINT",3,0,3,0
"SARSFIELD",1,0,1,0
"SASSAFRAS",16,0,7,0
"SCARSDALE",2,0,2,0
"SCORESBY",18,5,6,0
"SCOTSBURN",2,0,1,0
"SEA LAKE",10,1,2,0
"SEABROOK",3,0,4,0
"SEAFORD",42,3,12,3
"SEAHOLME",3,0,1,1
"SEASPRAY",3,0,2,0
"SEAVIEW",1,0,1,0
"SEBASTOPOL",13,0,8,1
"SEDDON",29,1,17,0
"SEDGWICK",1,0,1,0
"SELBY",1,0,2,0
"SERPENTINE",4,0,2,0
"SERVICETON",3,0,1,0
"SEVILLE",20,0,4,0
"SEVILLE EAST",1,0,2,0
"SEYMOUR",33,1,10,2
"SHAYS FLAT",1,0,1,0
"SHEEP HILLS",1,0,1,0
"SHELFORD",1,0,1,0
"SHEPHERDS FLAT",2,0,1,0
"SHEPPARTON",122,4,44,5
"SHEPPARTON EAST",5,0,3,0
"SHEPPARTON SOUTH",2,0,2,0
"SHERBROOKE",6,0,2,0
"SHOREHAM",11,0,3,0
"SILVAN",6,0,2,0
"SILVAN SOUTH",1,1,1,0
"SILVERLEAVES",2,0,2,0
"SIMPSON",4,0,1,0
"SKENES CREEK",2,0,2,0
"SKIPTON",3,0,2,0
"SKYE",3,0,2,0
"SMEATON",3,0,2,0
"SMITHS BEACH",1,0,1,0
"SMITHS GULLY",3,1,1,0
"SMYTHES CREEK",8,0,7,0
"SMYTHESDALE",3,0,3,0
"SNAKE VALLEY",3,0,2,0
"SOLDIERS HILL",3,0,2,0
"SOMERS",6,0,2,0
"SOMERTON",1,0,1,0
"SOMERVILLE",27,2,14,1
"SORRENTO",34,1,14,0
"SOUTH BALLARAT",1,0,2,0
"SOUTH CAULFIELD",2,0,1,0
"SOUTH GEELONG",4,0,3,0
"SOUTH KINGSVILLE",6,0,6,0
"SOUTH MELBOURNE",184,3,93,1
"SOUTH MORANG",25,3,12,0
"SOUTH MUCKLEFORD",1,0,1,0
"SOUTH OAKLEIGH",1,0,1,0
"SOUTH WARRANDYTE",2,0,1,0
"SOUTH WHARF",20,0,4,0
"SOUTH YARRA",235,0,82,0
"SOUTHBANK",145,0,37,0
"SPOTSWOOD",17,0,6,0
"SPRING GULLY",2,0,2,0
"SPRING HILL",1,0,1,0
"SPRINGHURST",1,0,1,0
"SPRINGVALE",75,24,27,4
"SPRINGVALE NORTH",1,0,1,0
"SPRINGVALE SOUTH",13,2,5,0
"ST ALBANS",63,7,34,2
"ST ALBANS PARK",1,0,1,0
"ST ANDREWS",8,1,3,0
"ST ANDREWS BEACH",1,1,1,0
"ST ARNAUD",19,0,8,1
"ST HELENA",3,0,4,0
"ST JAMES",3,0,1,0
"ST KILDA",248,2,64,4
"ST KILDA EAST",10,1,2,0
"ST KILDA WEST",5,0,2,0
"ST LEONARDS",11,0,4,0
"STANHOPE",6,0,3,0
"STANLEY",3,0,2,0
"STAWELL",28,2,8,1
"STEELS CREEK",7,0,1,0
"STOCKDALE",1,0,1,0
"STONEHAVEN",1,0,1,0
"STONY CREEK",3,0,2,0
"STRATFORD",11,1,5,0
"STRATH CREEK",4,0,3,0
"STRATHBOGIE",7,0,2,0
"STRATHDALE",3,0,2,0
"STRATHFIELDSAYE",9,0,2,0
"STRATHMERTON",9,0,5,0
"STRATHMORE",22,2,14,0
"STRATHMORE HEIGHTS",1,0,1,0
"STRATHTULLOH",1,0,1,0
"STREATHAM",1,0,1,0
"SULKY",1,0,1,0
"SUNBURY",85,6,36,5
"SUNNYCLIFFS",2,0,1,0
"SUNSHINE",70,9,31,5
"SUNSHINE NORTH",10,0,7,0
"SUNSHINE WEST",14,1,5,1
"SURREY HILLS",35,8,15,0
"SURREY HILLS NORTH",1,0,2,0
"SUTHERLANDS CREEK",2,0,1,0
"SUTTON GRANGE",2,0,1,0
"SWAN BAY",3,0,2,0
"SWAN HILL",60,1,23,3
"SWAN REACH",6,0,3,0
"SWANPOOL",4,0,3,0
"SWIFTS CREEK",6,0,2,0
"SYDENHAM",12,1,9,0
"SYNDAL",5,1,4,0
"TABILK",3,0,1,0
"TAGGERTY",4,0,2,0
"TAHARA",1,0,1,0
"TALBOT",6,0,3,0
"TALLANGATTA",11,0,4,0
"TALLANGATTA VALLEY",1,0,1,0
"TALLAROOK",5,0,2,0
"TALLYGAROOPNA",3,0,1,0
"TAMBO UPPER",3,0,3,0
"TAMINICK",1,0,1,0
"TAMINICK VIA GLENROWAN",1,0,1,0
"TANGAMBALANGA",3,0,1,0
"TANKERTON",1,0,2,0
"TANTARABOO VIA KILMORE",1,0,1,0
"TARADALE",3,0,1,0
"TARNAGULLA",1,0,2,0
"TARNEIT",25,0,16,1
"TARRAVILLE",1,0,1,0
"TARRAWARRA",1,0,1,0
"TARRAWINGEE",5,0,2,0
"TARRINGTON",6,0,1,0
"TARWIN LOWER",5,0,3,0
"TATONG",1,0,1,0
"TATURA",19,2,9,1
"TATYOON",1,0,1,0
"TAWONGA",6,1,5,0
"TAWONGA SOUTH",10,0,6,0
"TAYLORS HILL",6,0,5,0
"TAYLORS LAKE",1,0,1,0
"TAYLORS LAKES",30,3,10,2
"TECOMA",7,1,7,0
"TEESDALE",2,0,2,0
"TELANGATUK EAST",1,0,1,0
"TEMPLESTOWE",38,5,17,1
"TEMPLESTOWE LOWER",4,0,4,0
"TERANG",10,0,5,0
"TESBURY",1,0,2,0
"THE BASIN",9,1,5,0
"THE GURDIES",2,0,1,0
"THOMASTOWN",48,2,15,1
"THOMSON",1,1,1,0
"THOONA",1,0,1,0
"THORNBURY",88,4,39,2
"THORNTON",4,0,1,1
"THORPDALE",3,0,1,0
"TIMBOON",12,0,5,0
"TINAMBA",1,0,1,0
"TINTALDRA",2,0,2,0
"TOLMIE",2,0,1,0
"TONGALA",7,2,2,0
"TONGIO",1,0,2,0
"TONIMBUK VIA BUNYIP",1,0,1,0
"TOOBORAC",4,0,2,0
"TOOLAMBA",2,0,1,0
"TOOLANGI",4,1,2,0
"TOOLERN VALE",3,0,1,0
"TOOLLEEN",12,0,1,0
"TOONGABBIE",3,0,2,0
"TOORA",11,1,4,0
"TOORADIN",11,0,6,1
"TOORAK",49,1,21,0
"TOORONGA",1,0,1,0
"TOOTGAROOK",4,1,3,0
"TORQUAY",72,1,34,1
"TORRUMBARRY",3,0,1,0
"TOTTENHAM",3,0,3,0
"TRAFALGAR",13,1,4,0
"TRARALGON",91,2,35,4
"TRARALGON EAST",1,0,1,0
"TRARALGON SOUTH",2,0,2,0
"TRAVANCORE",2,0,3,0
"TRAWOOL",2,0,2,0
"TRENTHAM",13,0,7,0
"TRENTHAM EAST",1,0,1,0
"TRUGANINA",16,0,8,0
"TUERONG",6,0,1,0
"TULLAMARINE",44,1,14,1
"TUNGAMAH",6,0,2,0
"TYABB",14,0,7,0
"TYABB NORTH",1,0,1,0
"TYERS",3,0,2,0
"TYLDEN",4,0,3,0
"TYNONG",3,1,1,0
"TYNONG NORTH",3,0,3,0
"TYRENDARRA",1,0,1,0
"ULTIMA",3,0,1,0
"UNDERA",2,0,2,0
"UNDERBOOL",3,0,1,0
"UPPER BEACONSFIELD",1,0,1,0
"UPPER FERNTREE GULLY",9,1,5,0
"UPWEY",21,3,13,0
"VENTNOR",3,0,3,0
"VENUS BAY",8,3,4,0
"VERMONT",16,3,8,0
"VERMONT SOUTH",12,1,6,0
"VIEWBANK",2,1,1,0
"VIOLET TOWN",5,0,3,0
"WAAIA",3,0,1,0
"WAHGUNYAH",12,0,2,0
"WAHRING",1,0,1,0
"WALHALLA",5,0,4,0
"WALLACE",2,0,1,0
"WALLAN",18,1,12,1
"WALLAN EAST",1,0,1,0
"WALLINGTON",12,0,4,0
"WALPEUP",2,0,2,0
"WALWA",4,0,2,0
"WANDILIGONG",3,0,3,0
"WANDIN",3,0,3,0
"WANDIN EAST",5,0,1,0
"WANDIN NORTH",9,3,3,0
"WANDIN YALLOCK",1,0,1,0
"WANDONG",3,0,2,1
"WANGANDARY",1,0,1,0
"WANGANDARY VIA WANGARATTA",2,0,1,0
"WANGARATTA",74,1,25,4
"WANGARATTA NORTH",1,0,1,0
"WANGOOM",1,0,1,0
"WANTIRNA",40,2,16,1
"WANTIRNA SOUTH",59,5,23,3
"WARBURTON",19,1,9,0
"WARBURTON EAST",1,1,1,0
"WARNEET",2,0,2,0
"WARRACKNABEAL",10,1,4,0
"WARRAGUL",60,4,21,3
"WARRAGUL SOUTH",1,0,1,0
"WARRAK",1,0,1,0
"WARRANDYTE",28,1,16,0
"WARRANDYTE SOUTH",6,0,1,0
"WARRANWOOD",2,0,2,0
"WARRENBAYNE",1,0,1,0
"WARRENHEIP",3,0,4,0
"WARRENMANG",1,0,1,0
"WARRION",2,0,1,0
"WARRNAMBOOL",121,3,44,7
"WARTOOK",3,0,4,0
"WATCHEM",1,0,2,0
"WATERWAYS",1,0,2,0
"WATSONIA",16,1,7,1
"WATTLE BANK",1,0,1,0
"WATTLE FLAT",1,0,1,0
"WATTLE GLEN",1,1,1,0
"WATTLE HILL",1,0,1,0
"WAUBRA",4,0,2,0
"WAURN PONDS",17,0,4,1
"WEDDERBURN",10,0,4,0
"WEEAPROINAH",1,0,2,0
"WELSHMANS REEF",3,0,1,0
"WELSHPOOL",3,0,2,0
"WEMEN",1,0,2,0
"WENDOUREE",30,1,13,2
"WERRIBEE",96,3,44,5
"WERRIBEE PARK",1,0,1,0
"WERRIBEE SOUTH",7,1,4,0
"WERRIMULL",1,0,1,0
"WESBOURN",1,0,1,0
"WESBURN",1,0,1,0
"WEST FOOTSCRAY",14,1,8,0
"WEST HASTINGS",1,0,1,0
"WEST IVANHOE",1,0,1,0
"WEST MELBOURNE",45,0,27,0
"WEST MELTON",2,0,2,0
"WEST PRESTON",1,0,1,0
"WEST ROSEBUD",1,0,2,0
"WEST SUNSHINE",2,1,1,0
"WEST WODONGA",3,1,1,0
"WESTALL",1,0,2,0
"WESTGARTH",1,0,2,0
"WESTMEADOWS",8,1,3,1
"WHEELERS HILL",20,1,10,2
"WHITE HILLS",8,2,2,0
"WHITFIELD",11,0,3,0
"WHITLANDS",4,0,1,0
"WHITTLESEA",15,2,7,1
"WHOROULY",3,0,1,0
"WHOROULY SOUTH",2,0,1,0
"WILLAURA",6,0,2,0
"WILLIAMS LANDING",8,0,7,0
"WILLIAMSTOWN",101,2,41,2
"WILLIAMSTOWN NORTH",2,0,1,0
"WILLOW GROVE",4,0,3,0
"WILLOWMAVIN",1,0,1,0
"WILLUNG SOUTH",1,0,2,0
"WINCHELSEA",10,0,2,0
"WINDERMERE",1,0,1,0
"WINDSOR",122,0,33,1
"WINTON",1,0,2,0
"WODONGA",81,4,33,3
"WOLLERT",5,0,4,0
"WONGA PARK",10,0,6,0
"WONGARRA",1,0,1,0
"WONTHAGGI",21,1,8,3
"WONTHAGGI NORTH",1,0,1,0
"WOOD WOOD",1,0,2,0
"WOODEND",33,0,18,0
"WOODHATCH",1,0,1,0
"WOODS POINT",1,0,1,0
"WOODSIDE",2,0,1,0
"WOODSIDE BEACH",1,0,1,0
"WOOLAMAI",2,1,1,0
"WOOLSTHORPE",2,0,1,0
"WOOMELANG",3,0,1,0
"WOORAGEE",3,0,1,0
"WOORI YALLOCK",8,0,4,0
"WOORINEN",2,0,1,0
"WOORINEN SOUTH",1,0,2,0
"WOORNDOO",1,0,1,0
"WORLD TRADE CENTRE",4,0,1,0
"WUNGHNU",2,0,2,0
"WURRUK",4,0,2,0
"WY YUNG",2,0,1,0
"WY YUNG VIA BAIRNSDALE",1,0,1,0
"WYCHEPROOF",8,0,2,0
"WYE RIVER",4,1,2,0
"WYNDHAM VALE",2,0,3,0
"WYNDHAMVALE",8,0,7,0
"YAAPEET",1,0,1,0
"YACKANDANDAH",13,0,4,0
"YALLAMBIE",1,1,1,0
"YALLOURN",1,0,1,0
"YALLOURN NORTH",5,0,2,0
"YAMBUK",1,0,1,0
"YAN YEAN",1,0,2,0
"YANAKIE",2,0,3,0
"YANDOIT",1,0,1,0
"YANDOIT CREEK",1,0,1,0
"YARCK",4,0,3,0
"YARRA GLEN",42,1,11,0
"YARRA JUNCTION",15,3,5,1
"YARRAGON",14,0,8,0
"YARRAGON SOUTH",1,0,1,0
"YARRAM",15,1,5,1
"YARRAMBAT",10,1,2,0
"YARRAVILLE",80,3,37,2
"YARRAWONGA",34,2,12,0
"YARROWEYAH",2,0,1,0
"YEA",20,1,6,0
"YELLINGBO",2,0,2,0
"YERING",14,0,2,0
"YINNAR",6,1,1,0
"YUROKE",3,0,1,0
